Workbook

Sheet Instructions
A1: WC26 Sweepstake Tracker - quick guide
A3: 1. Participants - fill in the 48 teams (4 per group A-L) and the entrant who drew each.
A4: 2. Match Data - one row per match. Date, Stage (Group/R32/QF/SF/F/3rd), teams, scores,
A5: then the stat-panel numbers from Google. Goal Diff and Winning Team auto-fill.
A6: 3. Minutes - enter 90 for group games. For knockouts that go to extra time, enter 120.
A7: This is the denominator for all per-90 stats. Penalty shootout stats are not recorded.
A8: 4. Possession - enter as a whole number (e.g. 75 not 0.75). Both teams should sum to 100.
A9: 5. Cards - record exactly what the Google stat panel shows in the Yellow / Red boxes.
A10: Card Points = Yellows*1 + Reds*2. When a player gets 2 yellows -> red, Google's panel
A11: typically shows it as 2 yellows AND 1 red. Recording what you see weights that incident
A12: as 4 points - which feels fair, it is a worse offence than a single yellow.
A13: 6. Team Totals + Leaderboard - fully formula-driven, no editing needed.
... A16: Sort the table by Goals (descending) to see the leader.

Sheet Participants
A1: Group | B1: Team | C1: Entrant
A2: A | B2: Mexico
A3: A | B3: South Africa
A4: A | B4: Korea Republic
A5: A | B5: Czechia
A6: B | B6: Canada
A7: B | B7: Bosnia and Herzegovina
A8: B | B8: Qatar
A9: B | B9: Switzerland
A10: C | B10: Brazil
A11: C | B11: Morocco
A12: C | B12: Haiti
A13: C | B13: Scotland
... A49: L | B49: Panama

Sheet Match Data
A1: Date | B1: Stage | C1: Home Team | D1: Away Team | E1: Home Score | F1: Away Score | G1: Minutes | H1: Home Shots | I1: Away Shots | J1: Home SoT | K1: Away SoT | L1: Home Possession % | M1: Away Possession % | N1: Home Fouls | O1: Away Fouls | P1: Home Yellow | Q1: Away Yellow | R1: Home Red | S1: Away Red | T1: Home Offsides | U1: Away Offsides | V1: Home Corners | W1: Away Corners | X1: Goal Diff | Y1: Winning Team
A2: 46184 | B2: Group | C2: Mexico | D2: South Africa | G2: 90 | X2: =IF(E2="","",ABS(E2-F2)) | Y2: =IF(E2="","",IF(E2>F2,C2,IF(F2>E2,D2,"Draw")))
A3: 46185 | B3: Group | C3: Korea Republic | D3: Czechia | G3: 90 | X3: =IF(E3="","",ABS(E3-F3)) | Y3: =IF(E3="","",IF(E3>F3,C3,IF(F3>E3,D3,"Draw")))
A4: 46185 | B4: Group | C4: Canada | D4: Bosnia and Herzegovina | G4: 90 | X4: =IF(E4="","",ABS(E4-F4)) | Y4: =IF(E4="","",IF(E4>F4,C4,IF(F4>E4,D4,"Draw")))
A5: 46186 | B5: Group | C5: USA | D5: Paraguay | G5: 90 | X5: =IF(E5="","",ABS(E5-F5)) | Y5: =IF(E5="","",IF(E5>F5,C5,IF(F5>E5,D5,"Draw")))
A6: 46186 | B6: Group | C6: Qatar | D6: Switzerland | G6: 90 | X6: =IF(E6="","",ABS(E6-F6)) | Y6: =IF(E6="","",IF(E6>F6,C6,IF(F6>E6,D6,"Draw")))
A7: 46186 | B7: Group | C7: Brazil | D7: Morocco | G7: 90 | X7: =IF(E7="","",ABS(E7-F7)) | Y7: =IF(E7="","",IF(E7>F7,C7,IF(F7>E7,D7,"Draw")))
A8: 46187 | B8: Group | C8: Haiti | D8: Scotland | G8: 90 | X8: =IF(E8="","",ABS(E8-F8)) | Y8: =IF(E8="","",IF(E8>F8,C8,IF(F8>E8,D8,"Draw")))
A9: 46187 | B9: Group | C9: Australia | D9: Türkiye | G9: 90 | X9: =IF(E9="","",ABS(E9-F9)) | Y9: =IF(E9="","",IF(E9>F9,C9,IF(F9>E9,D9,"Draw")))
A10: 46187 | B10: Group | C10: Germany | D10: Curaçao | G10: 90 | X10: =IF(E10="","",ABS(E10-F10)) | Y10: =IF(E10="","",IF(E10>F10,C10,IF(F10>E10,D10,"Draw")))
A11: 46187 | B11: Group | C11: Netherlands | D11: Japan | G11: 90 | X11: =IF(E11="","",ABS(E11-F11)) | Y11: =IF(E11="","",IF(E11>F11,C11,IF(F11>E11,D11,"Draw")))
A12: 46188 | B12: Group | C12: Côte d'Ivoire | D12: Ecuador | G12: 90 | X12: =IF(E12="","",ABS(E12-F12)) | Y12: =IF(E12="","",IF(E12>F12,C12,IF(F12>E12,D12,"Draw")))
A13: 46188 | B13: Group | C13: Sweden | D13: Tunisia | G13: 90 | X13: =IF(E13="","",ABS(E13-F13)) | Y13: =IF(E13="","",IF(E13>F13,C13,IF(F13>E13,D13,"Draw")))
... A73: 46201 | B73: Group | C73: Jordan | D73: Argentina | G73: 90 | X73: =IF(E73="","",ABS(E73-F73)) | Y73: =IF(E73="","",IF(E73>F73,C73,IF(F73>E73,D73,"Draw")))
A74: 46201 | B74: Round of 32 | C74: TBD | D74: TBD | X74: =IF(E74="","",ABS(E74-F74)) | Y74: =IF(E74="","",IF(E74>F74,C74,IF(F74>E74,D74,"Draw")))
A75: 46202 | B75: Round of 32 | C75: TBD | D75: TBD | X75: =IF(E75="","",ABS(E75-F75)) | Y75: =IF(E75="","",IF(E75>F75,C75,IF(F75>E75,D75,"Draw")))
A76: 46202 | B76: Round of 32 | C76: TBD | D76: TBD | X76: =IF(E76="","",ABS(E76-F76)) | Y76: =IF(E76="","",IF(E76>F76,C76,IF(F76>E76,D76,"Draw")))
A77: 46203 | B77: Round of 32 | C77: TBD | D77: TBD | X77: =IF(E77="","",ABS(E77-F77)) | Y77: =IF(E77="","",IF(E77>F77,C77,IF(F77>E77,D77,"Draw")))
A78: 46203 | B78: Round of 32 | C78: TBD | D78: TBD | X78: =IF(E78="","",ABS(E78-F78)) | Y78: =IF(E78="","",IF(E78>F78,C78,IF(F78>E78,D78,"Draw")))
A79: 46203 | B79: Round of 32 | C79: TBD | D79: TBD | X79: =IF(E79="","",ABS(E79-F79)) | Y79: =IF(E79="","",IF(E79>F79,C79,IF(F79>E79,D79,"Draw")))
A80: 46204 | B80: Round of 32 | C80: TBD | D80: TBD | X80: =IF(E80="","",ABS(E80-F80)) | Y80: =IF(E80="","",IF(E80>F80,C80,IF(F80>E80,D80,"Draw")))
A81: 46204 | B81: Round of 32 | C81: TBD | D81: TBD | X81: =IF(E81="","",ABS(E81-F81)) | Y81: =IF(E81="","",IF(E81>F81,C81,IF(F81>E81,D81,"Draw")))
A82: 46204 | B82: Round of 32 | C82: TBD | D82: TBD | X82: =IF(E82="","",ABS(E82-F82)) | Y82: =IF(E82="","",IF(E82>F82,C82,IF(F82>E82,D82,"Draw")))
A83: 46205 | B83: Round of 32 | C83: TBD | D83: TBD | X83: =IF(E83="","",ABS(E83-F83)) | Y83: =IF(E83="","",IF(E83>F83,C83,IF(F83>E83,D83,"Draw")))
A84: 46205 | B84: Round of 32 | C84: TBD | D84: TBD | X84: =IF(E84="","",ABS(E84-F84)) | Y84: =IF(E84="","",IF(E84>F84,C84,IF(F84>E84,D84,"Draw")))
A85: 46206 | B85: Round of 32 | C85: TBD | D85: TBD | X85: =IF(E85="","",ABS(E85-F85)) | Y85: =IF(E85="","",IF(E85>F85,C85,IF(F85>E85,D85,"Draw")))
... A105: 46222 | B105: Final | C105: TBD | D105: TBD | X105: =IF(E105="","",ABS(E105-F105)) | Y105: =IF(E105="","",IF(E105>F105,C105,IF(F105>E105,D105,"Draw")))
X106: =IF(E106="","",ABS(E106-F106)) | Y106: =IF(E106="","",IF(E106>F106,C106,IF(F106>E106,D106,"Draw")))
X107: =IF(E107="","",ABS(E107-F107)) | Y107: =IF(E107="","",IF(E107>F107,C107,IF(F107>E107,D107,"Draw")))
X108: =IF(E108="","",ABS(E108-F108)) | Y108: =IF(E108="","",IF(E108>F108,C108,IF(F108>E108,D108,"Draw")))
X109: =IF(E109="","",ABS(E109-F109)) | Y109: =IF(E109="","",IF(E109>F109,C109,IF(F109>E109,D109,"Draw")))
X110: =IF(E110="","",ABS(E110-F110)) | Y110: =IF(E110="","",IF(E110>F110,C110,IF(F110>E110,D110,"Draw")))
X111: =IF(E111="","",ABS(E111-F111)) | Y111: =IF(E111="","",IF(E111>F111,C111,IF(F111>E111,D111,"Draw")))
X112: =IF(E112="","",ABS(E112-F112)) | Y112: =IF(E112="","",IF(E112>F112,C112,IF(F112>E112,D112,"Draw")))
X113: =IF(E113="","",ABS(E113-F113)) | Y113: =IF(E113="","",IF(E113>F113,C113,IF(F113>E113,D113,"Draw")))
X114: =IF(E114="","",ABS(E114-F114)) | Y114: =IF(E114="","",IF(E114>F114,C114,IF(F114>E114,D114,"Draw")))
X115: =IF(E115="","",ABS(E115-F115)) | Y115: =IF(E115="","",IF(E115>F115,C115,IF(F115>E115,D115,"Draw")))
X116: =IF(E116="","",ABS(E116-F116)) | Y116: =IF(E116="","",IF(E116>F116,C116,IF(F116>E116,D116,"Draw")))
X117: =IF(E117="","",ABS(E117-F117)) | Y117: =IF(E117="","",IF(E117>F117,C117,IF(F117>E117,D117,"Draw")))
... X201: =IF(E201="","",ABS(E201-F201)) | Y201: =IF(E201="","",IF(E201>F201,C201,IF(F201>E201,D201,"Draw")))

Sheet Team Totals
A1: Team | B1: Entrant | C1: MP | D1: Mins | E1: GF | F1: GA | G1: Shots | H1: Shots/90 | I1: SoT | J1: SoT/90 | K1: Avg Poss % | L1: Fouls | M1: Fouls/90 | N1: Yellow | O1: Red | P1: Card Pts | Q1: Cards/90 | R1: Offsides | S1: Offsides/90 | T1: Corners | U1: Corners/90 | V1: Goal Diff
A2: =Participants!B2 | B2: =Participants!C2 | C2: =COUNTIFS('Match Data'!C:C,A2,'Match Data'!E:E,">=0")+COUNTIFS('Match Data'!D:D,A2,'Match Data'!F:F,">=0") | D2: =SUMIF('Match Data'!C:C,A2,'Match Data'!G:G)+SUMIF('Match Data'!D:D,A2,'Match Data'!G:G) | E2: =SUMIF('Match Data'!C:C,A2,'Match Data'!E:E)+SUMIF('Match Data'!D:D,A2,'Match Data'!F:F) | F2: =SUMIF('Match Data'!C:C,A2,'Match Data'!F:F)+SUMIF('Match Data'!D:D,A2,'Match Data'!E:E) | G2: =SUMIF('Match Data'!C:C,A2,'Match Data'!H:H)+SUMIF('Match Data'!D:D,A2,'Match Data'!I:I) | H2: =IF(D2=0,0,G2/D2*90) | I2: =SUMIF('Match Data'!C:C,A2,'Match Data'!J:J)+SUMIF('Match Data'!D:D,A2,'Match Data'!K:K) | J2: =IF(D2=0,0,I2/D2*90) | K2: =IF(C2=0,0,(SUMIF('Match Data'!C:C,A2,'Match Data'!L:L)+SUMIF('Match Data'!D:D,A2,'Match Data'!M:M))/C2) | L2: =SUMIF('Match Data'!C:C,A2,'Match Data'!N:N)+SUMIF('Match Data'!D:D,A2,'Match Data'!O:O) | M2: =IF(D2=0,0,L2/D2*90) | N2: =SUMIF('Match Data'!C:C,A2,'Match Data'!P:P)+SUMIF('Match Data'!D:D,A2,'Match Data'!Q:Q) | O2: =SUMIF('Match Data'!C:C,A2,'Match Data'!R:R)+SUMIF('Match Data'!D:D,A2,'Match Data'!S:S) | P2: =N2*1+O2*2 | Q2: =IF(D2=0,0,P2/D2*90) | R2: =SUMIF('Match Data'!C:C,A2,'Match Data'!T:T)+SUMIF('Match Data'!D:D,A2,'Match Data'!U:U) | S2: =IF(D2=0,0,R2/D2*90) | T2: =SUMIF('Match Data'!C:C,A2,'Match Data'!V:V)+SUMIF('Match Data'!D:D,A2,'Match Data'!W:W) | U2: =IF(D2=0,0,T2/D2*90) | V2: =E2-F2
A3: =Participants!B3 | B3: =Participants!C3 | C3: =COUNTIFS('Match Data'!C:C,A3,'Match Data'!E:E,">=0")+COUNTIFS('Match Data'!D:D,A3,'Match Data'!F:F,">=0") | D3: =SUMIF('Match Data'!C:C,A3,'Match Data'!G:G)+SUMIF('Match Data'!D:D,A3,'Match Data'!G:G) | E3: =SUMIF('Match Data'!C:C,A3,'Match Data'!E:E)+SUMIF('Match Data'!D:D,A3,'Match Data'!F:F) | F3: =SUMIF('Match Data'!C:C,A3,'Match Data'!F:F)+SUMIF('Match Data'!D:D,A3,'Match Data'!E:E) | G3: =SUMIF('Match Data'!C:C,A3,'Match Data'!H:H)+SUMIF('Match Data'!D:D,A3,'Match Data'!I:I) | H3: =IF(D3=0,0,G3/D3*90) | I3: =SUMIF('Match Data'!C:C,A3,'Match Data'!J:J)+SUMIF('Match Data'!D:D,A3,'Match Data'!K:K) | J3: =IF(D3=0,0,I3/D3*90) | K3: =IF(C3=0,0,(SUMIF('Match Data'!C:C,A3,'Match Data'!L:L)+SUMIF('Match Data'!D:D,A3,'Match Data'!M:M))/C3) | L3: =SUMIF('Match Data'!C:C,A3,'Match Data'!N:N)+SUMIF('Match Data'!D:D,A3,'Match Data'!O:O) | M3: =IF(D3=0,0,L3/D3*90) | N3: =SUMIF('Match Data'!C:C,A3,'Match Data'!P:P)+SUMIF('Match Data'!D:D,A3,'Match Data'!Q:Q) | O3: =SUMIF('Match Data'!C:C,A3,'Match Data'!R:R)+SUMIF('Match Data'!D:D,A3,'Match Data'!S:S) | P3: =N3*1+O3*2 | Q3: =IF(D3=0,0,P3/D3*90) | R3: =SUMIF('Match Data'!C:C,A3,'Match Data'!T:T)+SUMIF('Match Data'!D:D,A3,'Match Data'!U:U) | S3: =IF(D3=0,0,R3/D3*90) | T3: =SUMIF('Match Data'!C:C,A3,'Match Data'!V:V)+SUMIF('Match Data'!D:D,A3,'Match Data'!W:W) | U3: =IF(D3=0,0,T3/D3*90) | V3: =E3-F3
A4: =Participants!B4 | B4: =Participants!C4 | C4: =COUNTIFS('Match Data'!C:C,A4,'Match Data'!E:E,">=0")+COUNTIFS('Match Data'!D:D,A4,'Match Data'!F:F,">=0") | D4: =SUMIF('Match Data'!C:C,A4,'Match Data'!G:G)+SUMIF('Match Data'!D:D,A4,'Match Data'!G:G) | E4: =SUMIF('Match Data'!C:C,A4,'Match Data'!E:E)+SUMIF('Match Data'!D:D,A4,'Match Data'!F:F) | F4: =SUMIF('Match Data'!C:C,A4,'Match Data'!F:F)+SUMIF('Match Data'!D:D,A4,'Match Data'!E:E) | G4: =SUMIF('Match Data'!C:C,A4,'Match Data'!H:H)+SUMIF('Match Data'!D:D,A4,'Match Data'!I:I) | H4: =IF(D4=0,0,G4/D4*90) | I4: =SUMIF('Match Data'!C:C,A4,'Match Data'!J:J)+SUMIF('Match Data'!D:D,A4,'Match Data'!K:K) | J4: =IF(D4=0,0,I4/D4*90) | K4: =IF(C4=0,0,(SUMIF('Match Data'!C:C,A4,'Match Data'!L:L)+SUMIF('Match Data'!D:D,A4,'Match Data'!M:M))/C4) | L4: =SUMIF('Match Data'!C:C,A4,'Match Data'!N:N)+SUMIF('Match Data'!D:D,A4,'Match Data'!O:O) | M4: =IF(D4=0,0,L4/D4*90) | N4: =SUMIF('Match Data'!C:C,A4,'Match Data'!P:P)+SUMIF('Match Data'!D:D,A4,'Match Data'!Q:Q) | O4: =SUMIF('Match Data'!C:C,A4,'Match Data'!R:R)+SUMIF('Match Data'!D:D,A4,'Match Data'!S:S) | P4: =N4*1+O4*2 | Q4: =IF(D4=0,0,P4/D4*90) | R4: =SUMIF('Match Data'!C:C,A4,'Match Data'!T:T)+SUMIF('Match Data'!D:D,A4,'Match Data'!U:U) | S4: =IF(D4=0,0,R4/D4*90) | T4: =SUMIF('Match Data'!C:C,A4,'Match Data'!V:V)+SUMIF('Match Data'!D:D,A4,'Match Data'!W:W) | U4: =IF(D4=0,0,T4/D4*90) | V4: =E4-F4
A5: =Participants!B5 | B5: =Participants!C5 | C5: =COUNTIFS('Match Data'!C:C,A5,'Match Data'!E:E,">=0")+COUNTIFS('Match Data'!D:D,A5,'Match Data'!F:F,">=0") | D5: =SUMIF('Match Data'!C:C,A5,'Match Data'!G:G)+SUMIF('Match Data'!D:D,A5,'Match Data'!G:G) | E5: =SUMIF('Match Data'!C:C,A5,'Match Data'!E:E)+SUMIF('Match Data'!D:D,A5,'Match Data'!F:F) | F5: =SUMIF('Match Data'!C:C,A5,'Match Data'!F:F)+SUMIF('Match Data'!D:D,A5,'Match Data'!E:E) | G5: =SUMIF('Match Data'!C:C,A5,'Match Data'!H:H)+SUMIF('Match Data'!D:D,A5,'Match Data'!I:I) | H5: =IF(D5=0,0,G5/D5*90) | I5: =SUMIF('Match Data'!C:C,A5,'Match Data'!J:J)+SUMIF('Match Data'!D:D,A5,'Match Data'!K:K) | J5: =IF(D5=0,0,I5/D5*90) | K5: =IF(C5=0,0,(SUMIF('Match Data'!C:C,A5,'Match Data'!L:L)+SUMIF('Match Data'!D:D,A5,'Match Data'!M:M))/C5) | L5: =SUMIF('Match Data'!C:C,A5,'Match Data'!N:N)+SUMIF('Match Data'!D:D,A5,'Match Data'!O:O) | M5: =IF(D5=0,0,L5/D5*90) | N5: =SUMIF('Match Data'!C:C,A5,'Match Data'!P:P)+SUMIF('Match Data'!D:D,A5,'Match Data'!Q:Q) | O5: =SUMIF('Match Data'!C:C,A5,'Match Data'!R:R)+SUMIF('Match Data'!D:D,A5,'Match Data'!S:S) | P5: =N5*1+O5*2 | Q5: =IF(D5=0,0,P5/D5*90) | R5: =SUMIF('Match Data'!C:C,A5,'Match Data'!T:T)+SUMIF('Match Data'!D:D,A5,'Match Data'!U:U) | S5: =IF(D5=0,0,R5/D5*90) | T5: =SUMIF('Match Data'!C:C,A5,'Match Data'!V:V)+SUMIF('Match Data'!D:D,A5,'Match Data'!W:W) | U5: =IF(D5=0,0,T5/D5*90) | V5: =E5-F5
A6: =Participants!B6 | B6: =Participants!C6 | C6: =COUNTIFS('Match Data'!C:C,A6,'Match Data'!E:E,">=0")+COUNTIFS('Match Data'!D:D,A6,'Match Data'!F:F,">=0") | D6: =SUMIF('Match Data'!C:C,A6,'Match Data'!G:G)+SUMIF('Match Data'!D:D,A6,'Match Data'!G:G) | E6: =SUMIF('Match Data'!C:C,A6,'Match Data'!E:E)+SUMIF('Match Data'!D:D,A6,'Match Data'!F:F) | F6: =SUMIF('Match Data'!C:C,A6,'Match Data'!F:F)+SUMIF('Match Data'!D:D,A6,'Match Data'!E:E) | G6: =SUMIF('Match Data'!C:C,A6,'Match Data'!H:H)+SUMIF('Match Data'!D:D,A6,'Match Data'!I:I) | H6: =IF(D6=0,0,G6/D6*90) | I6: =SUMIF('Match Data'!C:C,A6,'Match Data'!J:J)+SUMIF('Match Data'!D:D,A6,'Match Data'!K:K) | J6: =IF(D6=0,0,I6/D6*90) | K6: =IF(C6=0,0,(SUMIF('Match Data'!C:C,A6,'Match Data'!L:L)+SUMIF('Match Data'!D:D,A6,'Match Data'!M:M))/C6) | L6: =SUMIF('Match Data'!C:C,A6,'Match Data'!N:N)+SUMIF('Match Data'!D:D,A6,'Match Data'!O:O) | M6: =IF(D6=0,0,L6/D6*90) | N6: =SUMIF('Match Data'!C:C,A6,'Match Data'!P:P)+SUMIF('Match Data'!D:D,A6,'Match Data'!Q:Q) | O6: =SUMIF('Match Data'!C:C,A6,'Match Data'!R:R)+SUMIF('Match Data'!D:D,A6,'Match Data'!S:S) | P6: =N6*1+O6*2 | Q6: =IF(D6=0,0,P6/D6*90) | R6: =SUMIF('Match Data'!C:C,A6,'Match Data'!T:T)+SUMIF('Match Data'!D:D,A6,'Match Data'!U:U) | S6: =IF(D6=0,0,R6/D6*90) | T6: =SUMIF('Match Data'!C:C,A6,'Match Data'!V:V)+SUMIF('Match Data'!D:D,A6,'Match Data'!W:W) | U6: =IF(D6=0,0,T6/D6*90) | V6: =E6-F6
A7: =Participants!B7 | B7: =Participants!C7 | C7: =COUNTIFS('Match Data'!C:C,A7,'Match Data'!E:E,">=0")+COUNTIFS('Match Data'!D:D,A7,'Match Data'!F:F,">=0") | D7: =SUMIF('Match Data'!C:C,A7,'Match Data'!G:G)+SUMIF('Match Data'!D:D,A7,'Match Data'!G:G) | E7: =SUMIF('Match Data'!C:C,A7,'Match Data'!E:E)+SUMIF('Match Data'!D:D,A7,'Match Data'!F:F) | F7: =SUMIF('Match Data'!C:C,A7,'Match Data'!F:F)+SUMIF('Match Data'!D:D,A7,'Match Data'!E:E) | G7: =SUMIF('Match Data'!C:C,A7,'Match Data'!H:H)+SUMIF('Match Data'!D:D,A7,'Match Data'!I:I) | H7: =IF(D7=0,0,G7/D7*90) | I7: =SUMIF('Match Data'!C:C,A7,'Match Data'!J:J)+SUMIF('Match Data'!D:D,A7,'Match Data'!K:K) | J7: =IF(D7=0,0,I7/D7*90) | K7: =IF(C7=0,0,(SUMIF('Match Data'!C:C,A7,'Match Data'!L:L)+SUMIF('Match Data'!D:D,A7,'Match Data'!M:M))/C7) | L7: =SUMIF('Match Data'!C:C,A7,'Match Data'!N:N)+SUMIF('Match Data'!D:D,A7,'Match Data'!O:O) | M7: =IF(D7=0,0,L7/D7*90) | N7: =SUMIF('Match Data'!C:C,A7,'Match Data'!P:P)+SUMIF('Match Data'!D:D,A7,'Match Data'!Q:Q) | O7: =SUMIF('Match Data'!C:C,A7,'Match Data'!R:R)+SUMIF('Match Data'!D:D,A7,'Match Data'!S:S) | P7: =N7*1+O7*2 | Q7: =IF(D7=0,0,P7/D7*90) | R7: =SUMIF('Match Data'!C:C,A7,'Match Data'!T:T)+SUMIF('Match Data'!D:D,A7,'Match Data'!U:U) | S7: =IF(D7=0,0,R7/D7*90) | T7: =SUMIF('Match Data'!C:C,A7,'Match Data'!V:V)+SUMIF('Match Data'!D:D,A7,'Match Data'!W:W) | U7: =IF(D7=0,0,T7/D7*90) | V7: =E7-F7
A8: =Participants!B8 | B8: =Participants!C8 | C8: =COUNTIFS('Match Data'!C:C,A8,'Match Data'!E:E,">=0")+COUNTIFS('Match Data'!D:D,A8,'Match Data'!F:F,">=0") | D8: =SUMIF('Match Data'!C:C,A8,'Match Data'!G:G)+SUMIF('Match Data'!D:D,A8,'Match Data'!G:G) | E8: =SUMIF('Match Data'!C:C,A8,'Match Data'!E:E)+SUMIF('Match Data'!D:D,A8,'Match Data'!F:F) | F8: =SUMIF('Match Data'!C:C,A8,'Match Data'!F:F)+SUMIF('Match Data'!D:D,A8,'Match Data'!E:E) | G8: =SUMIF('Match Data'!C:C,A8,'Match Data'!H:H)+SUMIF('Match Data'!D:D,A8,'Match Data'!I:I) | H8: =IF(D8=0,0,G8/D8*90) | I8: =SUMIF('Match Data'!C:C,A8,'Match Data'!J:J)+SUMIF('Match Data'!D:D,A8,'Match Data'!K:K) | J8: =IF(D8=0,0,I8/D8*90) | K8: =IF(C8=0,0,(SUMIF('Match Data'!C:C,A8,'Match Data'!L:L)+SUMIF('Match Data'!D:D,A8,'Match Data'!M:M))/C8) | L8: =SUMIF('Match Data'!C:C,A8,'Match Data'!N:N)+SUMIF('Match Data'!D:D,A8,'Match Data'!O:O) | M8: =IF(D8=0,0,L8/D8*90) | N8: =SUMIF('Match Data'!C:C,A8,'Match Data'!P:P)+SUMIF('Match Data'!D:D,A8,'Match Data'!Q:Q) | O8: =SUMIF('Match Data'!C:C,A8,'Match Data'!R:R)+SUMIF('Match Data'!D:D,A8,'Match Data'!S:S) | P8: =N8*1+O8*2 | Q8: =IF(D8=0,0,P8/D8*90) | R8: =SUMIF('Match Data'!C:C,A8,'Match Data'!T:T)+SUMIF('Match Data'!D:D,A8,'Match Data'!U:U) | S8: =IF(D8=0,0,R8/D8*90) | T8: =SUMIF('Match Data'!C:C,A8,'Match Data'!V:V)+SUMIF('Match Data'!D:D,A8,'Match Data'!W:W) | U8: =IF(D8=0,0,T8/D8*90) | V8: =E8-F8
A9: =Participants!B9 | B9: =Participants!C9 | C9: =COUNTIFS('Match Data'!C:C,A9,'Match Data'!E:E,">=0")+COUNTIFS('Match Data'!D:D,A9,'Match Data'!F:F,">=0") | D9: =SUMIF('Match Data'!C:C,A9,'Match Data'!G:G)+SUMIF('Match Data'!D:D,A9,'Match Data'!G:G) | E9: =SUMIF('Match Data'!C:C,A9,'Match Data'!E:E)+SUMIF('Match Data'!D:D,A9,'Match Data'!F:F) | F9: =SUMIF('Match Data'!C:C,A9,'Match Data'!F:F)+SUMIF('Match Data'!D:D,A9,'Match Data'!E:E) | G9: =SUMIF('Match Data'!C:C,A9,'Match Data'!H:H)+SUMIF('Match Data'!D:D,A9,'Match Data'!I:I) | H9: =IF(D9=0,0,G9/D9*90) | I9: =SUMIF('Match Data'!C:C,A9,'Match Data'!J:J)+SUMIF('Match Data'!D:D,A9,'Match Data'!K:K) | J9: =IF(D9=0,0,I9/D9*90) | K9: =IF(C9=0,0,(SUMIF('Match Data'!C:C,A9,'Match Data'!L:L)+SUMIF('Match Data'!D:D,A9,'Match Data'!M:M))/C9) | L9: =SUMIF('Match Data'!C:C,A9,'Match Data'!N:N)+SUMIF('Match Data'!D:D,A9,'Match Data'!O:O) | M9: =IF(D9=0,0,L9/D9*90) | N9: =SUMIF('Match Data'!C:C,A9,'Match Data'!P:P)+SUMIF('Match Data'!D:D,A9,'Match Data'!Q:Q) | O9: =SUMIF('Match Data'!C:C,A9,'Match Data'!R:R)+SUMIF('Match Data'!D:D,A9,'Match Data'!S:S) | P9: =N9*1+O9*2 | Q9: =IF(D9=0,0,P9/D9*90) | R9: =SUMIF('Match Data'!C:C,A9,'Match Data'!T:T)+SUMIF('Match Data'!D:D,A9,'Match Data'!U:U) | S9: =IF(D9=0,0,R9/D9*90) | T9: =SUMIF('Match Data'!C:C,A9,'Match Data'!V:V)+SUMIF('Match Data'!D:D,A9,'Match Data'!W:W) | U9: =IF(D9=0,0,T9/D9*90) | V9: =E9-F9
A10: =Participants!B10 | B10: =Participants!C10 | C10: =COUNTIFS('Match Data'!C:C,A10,'Match Data'!E:E,">=0")+COUNTIFS('Match Data'!D:D,A10,'Match Data'!F:F,">=0") | D10: =SUMIF('Match Data'!C:C,A10,'Match Data'!G:G)+SUMIF('Match Data'!D:D,A10,'Match Data'!G:G) | E10: =SUMIF('Match Data'!C:C,A10,'Match Data'!E:E)+SUMIF('Match Data'!D:D,A10,'Match Data'!F:F) | F10: =SUMIF('Match Data'!C:C,A10,'Match Data'!F:F)+SUMIF('Match Data'!D:D,A10,'Match Data'!E:E) | G10: =SUMIF('Match Data'!C:C,A10,'Match Data'!H:H)+SUMIF('Match Data'!D:D,A10,'Match Data'!I:I) | H10: =IF(D10=0,0,G10/D10*90) | I10: =SUMIF('Match Data'!C:C,A10,'Match Data'!J:J)+SUMIF('Match Data'!D:D,A10,'Match Data'!K:K) | J10: =IF(D10=0,0,I10/D10*90) | K10: =IF(C10=0,0,(SUMIF('Match Data'!C:C,A10,'Match Data'!L:L)+SUMIF('Match Data'!D:D,A10,'Match Data'!M:M))/C10) | L10: =SUMIF('Match Data'!C:C,A10,'Match Data'!N:N)+SUMIF('Match Data'!D:D,A10,'Match Data'!O:O) | M10: =IF(D10=0,0,L10/D10*90) | N10: =SUMIF('Match Data'!C:C,A10,'Match Data'!P:P)+SUMIF('Match Data'!D:D,A10,'Match Data'!Q:Q) | O10: =SUMIF('Match Data'!C:C,A10,'Match Data'!R:R)+SUMIF('Match Data'!D:D,A10,'Match Data'!S:S) | P10: =N10*1+O10*2 | Q10: =IF(D10=0,0,P10/D10*90) | R10: =SUMIF('Match Data'!C:C,A10,'Match Data'!T:T)+SUMIF('Match Data'!D:D,A10,'Match Data'!U:U) | S10: =IF(D10=0,0,R10/D10*90) | T10: =SUMIF('Match Data'!C:C,A10,'Match Data'!V:V)+SUMIF('Match Data'!D:D,A10,'Match Data'!W:W) | U10: =IF(D10=0,0,T10/D10*90) | V10: =E10-F10
A11: =Participants!B11 | B11: =Participants!C11 | C11: =COUNTIFS('Match Data'!C:C,A11,'Match Data'!E:E,">=0")+COUNTIFS('Match Data'!D:D,A11,'Match Data'!F:F,">=0") | D11: =SUMIF('Match Data'!C:C,A11,'Match Data'!G:G)+SUMIF('Match Data'!D:D,A11,'Match Data'!G:G) | E11: =SUMIF('Match Data'!C:C,A11,'Match Data'!E:E)+SUMIF('Match Data'!D:D,A11,'Match Data'!F:F) | F11: =SUMIF('Match Data'!C:C,A11,'Match Data'!F:F)+SUMIF('Match Data'!D:D,A11,'Match Data'!E:E) | G11: =SUMIF('Match Data'!C:C,A11,'Match Data'!H:H)+SUMIF('Match Data'!D:D,A11,'Match Data'!I:I) | H11: =IF(D11=0,0,G11/D11*90) | I11: =SUMIF('Match Data'!C:C,A11,'Match Data'!J:J)+SUMIF('Match Data'!D:D,A11,'Match Data'!K:K) | J11: =IF(D11=0,0,I11/D11*90) | K11: =IF(C11=0,0,(SUMIF('Match Data'!C:C,A11,'Match Data'!L:L)+SUMIF('Match Data'!D:D,A11,'Match Data'!M:M))/C11) | L11: =SUMIF('Match Data'!C:C,A11,'Match Data'!N:N)+SUMIF('Match Data'!D:D,A11,'Match Data'!O:O) | M11: =IF(D11=0,0,L11/D11*90) | N11: =SUMIF('Match Data'!C:C,A11,'Match Data'!P:P)+SUMIF('Match Data'!D:D,A11,'Match Data'!Q:Q) | O11: =SUMIF('Match Data'!C:C,A11,'Match Data'!R:R)+SUMIF('Match Data'!D:D,A11,'Match Data'!S:S) | P11: =N11*1+O11*2 | Q11: =IF(D11=0,0,P11/D11*90) | R11: =SUMIF('Match Data'!C:C,A11,'Match Data'!T:T)+SUMIF('Match Data'!D:D,A11,'Match Data'!U:U) | S11: =IF(D11=0,0,R11/D11*90) | T11: =SUMIF('Match Data'!C:C,A11,'Match Data'!V:V)+SUMIF('Match Data'!D:D,A11,'Match Data'!W:W) | U11: =IF(D11=0,0,T11/D11*90) | V11: =E11-F11
A12: =Participants!B12 | B12: =Participants!C12 | C12: =COUNTIFS('Match Data'!C:C,A12,'Match Data'!E:E,">=0")+COUNTIFS('Match Data'!D:D,A12,'Match Data'!F:F,">=0") | D12: =SUMIF('Match Data'!C:C,A12,'Match Data'!G:G)+SUMIF('Match Data'!D:D,A12,'Match Data'!G:G) | E12: =SUMIF('Match Data'!C:C,A12,'Match Data'!E:E)+SUMIF('Match Data'!D:D,A12,'Match Data'!F:F) | F12: =SUMIF('Match Data'!C:C,A12,'Match Data'!F:F)+SUMIF('Match Data'!D:D,A12,'Match Data'!E:E) | G12: =SUMIF('Match Data'!C:C,A12,'Match Data'!H:H)+SUMIF('Match Data'!D:D,A12,'Match Data'!I:I) | H12: =IF(D12=0,0,G12/D12*90) | I12: =SUMIF('Match Data'!C:C,A12,'Match Data'!J:J)+SUMIF('Match Data'!D:D,A12,'Match Data'!K:K) | J12: =IF(D12=0,0,I12/D12*90) | K12: =IF(C12=0,0,(SUMIF('Match Data'!C:C,A12,'Match Data'!L:L)+SUMIF('Match Data'!D:D,A12,'Match Data'!M:M))/C12) | L12: =SUMIF('Match Data'!C:C,A12,'Match Data'!N:N)+SUMIF('Match Data'!D:D,A12,'Match Data'!O:O) | M12: =IF(D12=0,0,L12/D12*90) | N12: =SUMIF('Match Data'!C:C,A12,'Match Data'!P:P)+SUMIF('Match Data'!D:D,A12,'Match Data'!Q:Q) | O12: =SUMIF('Match Data'!C:C,A12,'Match Data'!R:R)+SUMIF('Match Data'!D:D,A12,'Match Data'!S:S) | P12: =N12*1+O12*2 | Q12: =IF(D12=0,0,P12/D12*90) | R12: =SUMIF('Match Data'!C:C,A12,'Match Data'!T:T)+SUMIF('Match Data'!D:D,A12,'Match Data'!U:U) | S12: =IF(D12=0,0,R12/D12*90) | T12: =SUMIF('Match Data'!C:C,A12,'Match Data'!V:V)+SUMIF('Match Data'!D:D,A12,'Match Data'!W:W) | U12: =IF(D12=0,0,T12/D12*90) | V12: =E12-F12
A13: =Participants!B13 | B13: =Participants!C13 | C13: =COUNTIFS('Match Data'!C:C,A13,'Match Data'!E:E,">=0")+COUNTIFS('Match Data'!D:D,A13,'Match Data'!F:F,">=0") | D13: =SUMIF('Match Data'!C:C,A13,'Match Data'!G:G)+SUMIF('Match Data'!D:D,A13,'Match Data'!G:G) | E13: =SUMIF('Match Data'!C:C,A13,'Match Data'!E:E)+SUMIF('Match Data'!D:D,A13,'Match Data'!F:F) | F13: =SUMIF('Match Data'!C:C,A13,'Match Data'!F:F)+SUMIF('Match Data'!D:D,A13,'Match Data'!E:E) | G13: =SUMIF('Match Data'!C:C,A13,'Match Data'!H:H)+SUMIF('Match Data'!D:D,A13,'Match Data'!I:I) | H13: =IF(D13=0,0,G13/D13*90) | I13: =SUMIF('Match Data'!C:C,A13,'Match Data'!J:J)+SUMIF('Match Data'!D:D,A13,'Match Data'!K:K) | J13: =IF(D13=0,0,I13/D13*90) | K13: =IF(C13=0,0,(SUMIF('Match Data'!C:C,A13,'Match Data'!L:L)+SUMIF('Match Data'!D:D,A13,'Match Data'!M:M))/C13) | L13: =SUMIF('Match Data'!C:C,A13,'Match Data'!N:N)+SUMIF('Match Data'!D:D,A13,'Match Data'!O:O) | M13: =IF(D13=0,0,L13/D13*90) | N13: =SUMIF('Match Data'!C:C,A13,'Match Data'!P:P)+SUMIF('Match Data'!D:D,A13,'Match Data'!Q:Q) | O13: =SUMIF('Match Data'!C:C,A13,'Match Data'!R:R)+SUMIF('Match Data'!D:D,A13,'Match Data'!S:S) | P13: =N13*1+O13*2 | Q13: =IF(D13=0,0,P13/D13*90) | R13: =SUMIF('Match Data'!C:C,A13,'Match Data'!T:T)+SUMIF('Match Data'!D:D,A13,'Match Data'!U:U) | S13: =IF(D13=0,0,R13/D13*90) | T13: =SUMIF('Match Data'!C:C,A13,'Match Data'!V:V)+SUMIF('Match Data'!D:D,A13,'Match Data'!W:W) | U13: =IF(D13=0,0,T13/D13*90) | V13: =E13-F13
... A49: =Participants!B49 | B49: =Participants!C49 | C49: =COUNTIFS('Match Data'!C:C,A49,'Match Data'!E:E,">=0")+COUNTIFS('Match Data'!D:D,A49,'Match Data'!F:F,">=0") | D49: =SUMIF('Match Data'!C:C,A49,'Match Data'!G:G)+SUMIF('Match Data'!D:D,A49,'Match Data'!G:G) | E49: =SUMIF('Match Data'!C:C,A49,'Match Data'!E:E)+SUMIF('Match Data'!D:D,A49,'Match Data'!F:F) | F49: =SUMIF('Match Data'!C:C,A49,'Match Data'!F:F)+SUMIF('Match Data'!D:D,A49,'Match Data'!E:E) | G49: =SUMIF('Match Data'!C:C,A49,'Match Data'!H:H)+SUMIF('Match Data'!D:D,A49,'Match Data'!I:I) | H49: =IF(D49=0,0,G49/D49*90) | I49: =SUMIF('Match Data'!C:C,A49,'Match Data'!J:J)+SUMIF('Match Data'!D:D,A49,'Match Data'!K:K) | J49: =IF(D49=0,0,I49/D49*90) | K49: =IF(C49=0,0,(SUMIF('Match Data'!C:C,A49,'Match Data'!L:L)+SUMIF('Match Data'!D:D,A49,'Match Data'!M:M))/C49) | L49: =SUMIF('Match Data'!C:C,A49,'Match Data'!N:N)+SUMIF('Match Data'!D:D,A49,'Match Data'!O:O) | M49: =IF(D49=0,0,L49/D49*90) | N49: =SUMIF('Match Data'!C:C,A49,'Match Data'!P:P)+SUMIF('Match Data'!D:D,A49,'Match Data'!Q:Q) | O49: =SUMIF('Match Data'!C:C,A49,'Match Data'!R:R)+SUMIF('Match Data'!D:D,A49,'Match Data'!S:S) | P49: =N49*1+O49*2 | Q49: =IF(D49=0,0,P49/D49*90) | R49: =SUMIF('Match Data'!C:C,A49,'Match Data'!T:T)+SUMIF('Match Data'!D:D,A49,'Match Data'!U:U) | S49: =IF(D49=0,0,R49/D49*90) | T49: =SUMIF('Match Data'!C:C,A49,'Match Data'!V:V)+SUMIF('Match Data'!D:D,A49,'Match Data'!W:W) | U49: =IF(D49=0,0,T49/D49*90) | V49: =E49-F49

Sheet Leaderboard
A1: Category | B1: Winning Team | C1: Entrant | D1: Value | E1: Prize (£)
A2: Most Shots / 90 | B2: =IFERROR(INDEX('Team Totals'!$A$2:$A$49,MATCH(MAX('Team Totals'!$H$2:$H$49),'Team Totals'!$H$2:$H$49,0)),"") | C2: =IFERROR(VLOOKUP(B2,Participants!$B$2:$C$49,2,FALSE),"") | D2: =MAX('Team Totals'!$H$2:$H$49) | E2: 20
A3: Highest Avg Possession % | B3: =IFERROR(INDEX('Team Totals'!$A$2:$A$49,MATCH(MAX('Team Totals'!$K$2:$K$49),'Team Totals'!$K$2:$K$49,0)),"") | C3: =IFERROR(VLOOKUP(B3,Participants!$B$2:$C$49,2,FALSE),"") | D3: =MAX('Team Totals'!$K$2:$K$49) | E3: 20
A4: Most Fouls / 90 | B4: =IFERROR(INDEX('Team Totals'!$A$2:$A$49,MATCH(MAX('Team Totals'!$M$2:$M$49),'Team Totals'!$M$2:$M$49,0)),"") | C4: =IFERROR(VLOOKUP(B4,Participants!$B$2:$C$49,2,FALSE),"") | D4: =MAX('Team Totals'!$M$2:$M$49) | E4: 20
A5: Most Offsides / 90 | B5: =IFERROR(INDEX('Team Totals'!$A$2:$A$49,MATCH(MAX('Team Totals'!$S$2:$S$49),'Team Totals'!$S$2:$S$49,0)),"") | C5: =IFERROR(VLOOKUP(B5,Participants!$B$2:$C$49,2,FALSE),"") | D5: =MAX('Team Totals'!$S$2:$S$49) | E5: 20
A6: Most Corners / 90 | B6: =IFERROR(INDEX('Team Totals'!$A$2:$A$49,MATCH(MAX('Team Totals'!$U$2:$U$49),'Team Totals'!$U$2:$U$49,0)),"") | C6: =IFERROR(VLOOKUP(B6,Participants!$B$2:$C$49,2,FALSE),"") | D6: =MAX('Team Totals'!$U$2:$U$49) | E6: 20
A7: Largest Negative Goal Difference | B7: =IFERROR(INDEX('Team Totals'!$A$2:$A$49,MATCH(MIN('Team Totals'!$V$2:$V$49),'Team Totals'!$V$2:$V$49,0)),"") | C7: =IFERROR(VLOOKUP(B7,Participants!$B$2:$C$49,2,FALSE),"") | D7: =MIN('Team Totals'!$V$2:$V$49) | E7: 20

Sheet Awards
A1: Award | B1: Player (if applicable) | C1: Country / Team | D1: Entrant | E1: Prize (£)
A2: Tournament Winner | D2: =IFERROR(VLOOKUP(C2,Participants!$B$2:$C$49,2,FALSE),"") | E2: 150
A3: 2nd Place | D3: =IFERROR(VLOOKUP(C3,Participants!$B$2:$C$49,2,FALSE),"") | E3: 75
A4: 3rd Place | D4: =IFERROR(VLOOKUP(C4,Participants!$B$2:$C$49,2,FALSE),"") | E4: 35
A5: Golden Boot (Top Scorer) | D5: =IFERROR(VLOOKUP(C5,Participants!$B$2:$C$49,2,FALSE),"") | E5: 20

Sheet Golden Boot Tracker
A1: Player | B1: Country | C1: Goals | D1: Entrant
D2: =IF(B2="","",IFERROR(VLOOKUP(B2,Participants!$B$2:$C$49,2,FALSE),""))
D3: =IF(B3="","",IFERROR(VLOOKUP(B3,Participants!$B$2:$C$49,2,FALSE),""))
D4: =IF(B4="","",IFERROR(VLOOKUP(B4,Participants!$B$2:$C$49,2,FALSE),""))
D5: =IF(B5="","",IFERROR(VLOOKUP(B5,Participants!$B$2:$C$49,2,FALSE),""))
D6: =IF(B6="","",IFERROR(VLOOKUP(B6,Participants!$B$2:$C$49,2,FALSE),""))
D7: =IF(B7="","",IFERROR(VLOOKUP(B7,Participants!$B$2:$C$49,2,FALSE),""))
D8: =IF(B8="","",IFERROR(VLOOKUP(B8,Participants!$B$2:$C$49,2,FALSE),""))
D9: =IF(B9="","",IFERROR(VLOOKUP(B9,Participants!$B$2:$C$49,2,FALSE),""))
D10: =IF(B10="","",IFERROR(VLOOKUP(B10,Participants!$B$2:$C$49,2,FALSE),""))
D11: =IF(B11="","",IFERROR(VLOOKUP(B11,Participants!$B$2:$C$49,2,FALSE),""))
D12: =IF(B12="","",IFERROR(VLOOKUP(B12,Participants!$B$2:$C$49,2,FALSE),""))
D13: =IF(B13="","",IFERROR(VLOOKUP(B13,Participants!$B$2:$C$49,2,FALSE),""))
... D51: =IF(B51="","",IFERROR(VLOOKUP(B51,Participants!$B$2:$C$49,2,FALSE),""))
